"","participant","phase","day","group","N","slope","sd","first_result","second_result","Fgroup"
"1","1","1",1,"20",50,-5.32818921398784,0.580066196525093,"F","F>0","creeping"
"2","1","1",2,"20",50,-4.47467571960204,1.03872074713922,"F","F>0","creeping"
"3","1","1",3,"20",50,-3.06728995859262,1.1939676607889,"F","F>0","creeping"
"4","1","1",4,"20",50,-3.37916164599238,0.661522054237293,"F","F>0","creeping"
"5","1","1",5,"20",50,-2.53581745846782,0.580866234633188,"F","F>0","creeping"
"6","1","1",6,"20",50,-2.77554172667986,0.598069027198478,"F","F>0","creeping"
"7","1","1",7,"20",50,-3.0742535332164,0.610589691056474,"F","F>0","creeping"
"8","1","1",8,"20",50,-2.27785073870722,0.678138716199032,"F","F>0","creeping"
"9","1","1",9,"20",50,-1.91756998315438,0.449828736568252,"F","F>0","creeping"
"10","1","1",10,"20",50,-1.58802039258781,0.501998429482758,"F","F>0","creeping"
"11","1","1",11,"20",50,-1.30471676674648,0.696571582711355,"F","F>0","creeping"
"12","1","1",12,"20",50,-0.63871870750172,0.884618865892888,"F","F>0","creeping"
"13","1","1",13,"20",50,0.273402978562421,0.690739986125294,"F","F>0","creeping"
"14","1","2",1,"20",50,-2.76500941932396,0.511927168714277,"F","F>0","creeping"
"15","1","2",2,"20",50,-2.64648046776277,0.416439635817147,"F","F>0","creeping"
"16","1","2",3,"20",50,-1.99341011329983,0.261732696798346,"F","F>0","creeping"
"17","1","2",4,"20",50,-1.99911473495488,0.321019829173961,"F","F>0","creeping"
"18","1","2",5,"20",50,-2.2674502122741,0.306644649334637,"F","F>0","creeping"
"19","1","2",6,"20",50,-2.09544930694592,0.544064805573872,"F","F>0","creeping"
"20","1","2",7,"20",50,-1.96815007635241,0.310322927391418,"F","F>0","creeping"
"21","1","2",8,"20",50,-1.94807059492988,0.271170979614482,"F","F>0","creeping"
"22","1","2",9,"20",50,-2.00437834062542,0.213194087220618,"F","F>0","creeping"
"23","1","2",10,"20",50,-2.18116299153967,0.313176375662981,"F","F>0","creeping"
"24","1","2",11,"20",50,-2.12167399755495,0.250425648843435,"F","F>0","creeping"
"25","1","2",12,"20",50,-2.1432646156508,0.314399975292835,"F","F>0","creeping"
"26","1","2",13,"20",50,-1.88416494151927,0.325021466697393,"F","F>0","creeping"
"27","1","2",14,"20",50,-1.93477933380329,0.509175153358602,"F","F>0","creeping"
"28","1","2",15,"20",50,-1.91328568008687,0.236879278139706,"F","F>0","creeping"
"29","2","1",1,"20",50,-1.52877841544046,0.967277081018218,"T","F<0","success"
"30","2","1",2,"20",50,-1.02348014297724,0.600786087303394,"T","F<0","success"
"31","2","1",3,"20",50,-1.28642345293644,1.02377081902145,"T","F<0","success"
"32","2","1",4,"20",50,1.6620259022235,1.24085748940934,"T","F<0","success"
"33","2","1",5,"20",50,1.66507763797982,1.38079318694925,"T","F<0","success"
"34","2","1",6,"20",50,1.17346219875793,1.02491680814711,"T","F<0","success"
"35","2","1",7,"20",50,1.61065566715317,0.732275648806047,"T","F<0","success"
"36","2","1",8,"20",50,2.388051770433,0.69247591527364,"T","F<0","success"
"37","2","1",9,"20",50,2.36400063309755,0.731504586997076,"T","F<0","success"
"38","2","2",1,"20",50,-0.917610884923744,1.02296307131578,"T","F<0","success"
"39","2","2",2,"20",50,-0.539909157276001,1.10173808561157,"T","F<0","success"
"40","2","2",3,"20",50,0.0132449689519529,1.60150079904064,"T","F<0","success"
"41","2","2",4,"20",50,-0.231803573448129,1.06576250209818,"T","F<0","success"
"42","2","2",5,"20",50,0.170063029502759,0.904710614229469,"T","F<0","success"
"43","2","2",6,"20",50,0.154002004672525,0.874439932238166,"T","F<0","success"
"44","2","2",7,"20",50,-0.189302678653865,0.834252831681896,"T","F<0","success"
"45","2","2",8,"20",50,-0.863616520793443,0.738690133821834,"T","F<0","success"
"46","2","2",9,"20",50,-0.000383573035867076,0.809985818391949,"T","F<0","success"
"47","2","2",10,"20",50,-0.185946180172923,1.19154016382086,"T","F<0","success"
"48","2","2",11,"20",50,1.73116863423149,1.03074523488317,"T","F<0","success"
"49","2","2",12,"20",50,0.295211392014258,0.92026694919889,"T","F<0","success"
"50","2","2",13,"20",50,-0.167944467997782,0.731549634956225,"T","F<0","success"
"51","2","2",14,"20",50,-0.814188152410678,0.849156426590423,"T","F<0","success"
"52","2","2",15,"20",50,0.285519804346151,1.05700856728288,"T","F<0","success"
"53","3","1",1,"20",50,0.4898864455529,1.2053014544389,"T","F<0","success"
"54","3","1",2,"20",50,2.39652798773024,0.739366567026892,"T","F<0","success"
"55","3","1",3,"20",50,1.53454882525484,1.01933976795422,"T","F<0","success"
"56","3","1",4,"20",50,2.11092279600514,0.945333767843231,"T","F<0","success"
"57","3","1",5,"20",50,1.43341403850856,1.4332472213656,"T","F<0","success"
"58","3","1",6,"20",50,2.60833468593932,0.500141536593948,"T","F<0","success"
"59","3","1",7,"20",50,1.74526027149834,1.1413246148093,"T","F<0","success"
"60","3","1",8,"20",50,1.86824286541911,0.636297503542253,"T","F<0","success"
"61","3","2",1,"20",50,-1.61493750007578,0.56766801996882,"T","F<0","success"
"62","3","2",2,"20",50,-1.56012280686219,0.570111881110263,"T","F<0","success"
"63","3","2",3,"20",50,-1.62465443202695,0.502534173979023,"T","F<0","success"
"64","3","2",4,"20",50,-1.21488270994226,0.754242615238635,"T","F<0","success"
"65","3","2",5,"20",50,-0.896012204825727,0.728517652819553,"T","F<0","success"
"66","3","2",6,"20",50,-0.542655338445813,1.11698201299375,"T","F<0","success"
"67","3","2",7,"20",50,-0.680448336174936,1.34079836223728,"T","F<0","success"
"68","3","2",8,"20",50,-1.0230922291317,0.963278803915225,"T","F<0","success"
"69","3","2",9,"20",50,-0.808990585521513,1.26562971487439,"T","F<0","success"
"70","3","2",10,"20",50,-0.737883675779508,1.40315350111427,"T","F<0","success"
"71","3","2",11,"20",50,0.253500657068725,1.28864724732576,"T","F<0","success"
"72","3","2",12,"20",50,0.926098642881463,1.10888735044044,"T","F<0","success"
"73","3","2",13,"20",50,0.604607405499202,1.05020798075316,"T","F<0","success"
"74","3","2",14,"20",50,0.911847614327509,1.01685125404439,"T","F<0","success"
"75","3","2",15,"20",50,1.79529183602139,0.678066159446868,"T","F<0","success"
"76","4","1",1,"15",50,0.552532351116294,1.42488033563263,"F","F>0","creeping"
"77","4","1",2,"15",50,-0.756836496707758,0.728853652039594,"F","F>0","creeping"
"78","4","1",3,"15",50,-1.19496697410639,0.49933044352258,"F","F>0","creeping"
"79","4","1",4,"15",50,0.383695366967682,0.955857122911115,"F","F>0","creeping"
"80","4","1",5,"15",50,0.247139799625661,0.861811510455732,"F","F>0","creeping"
"81","4","1",6,"15",50,-1.17424831498359,0.492390237132776,"F","F>0","creeping"
"82","4","1",7,"15",50,-0.692717415979663,0.577225534008587,"F","F>0","creeping"
"83","4","1",8,"15",50,-0.725242253784605,0.489498633826455,"F","F>0","creeping"
"84","4","1",9,"15",50,-0.400429024954454,0.597812868725347,"F","F>0","creeping"
"85","4","1",10,"15",49,-0.503917684198094,0.449884281183496,"F","F>0","creeping"
"86","4","1",11,"15",50,0.229941619047619,0.512929963203042,"F","F>0","creeping"
"87","4","1",12,"15",50,0.530173749538358,0.630080067276124,"F","F>0","creeping"
"88","4","1",13,"15",50,0.267962696734059,0.426644656464739,"F","F>0","creeping"
"89","4","2",1,"15",50,-0.246073400017627,0.608558629718337,"F","F>0","creeping"
"90","4","2",2,"15",50,-0.306786209180935,0.563578295248017,"F","F>0","creeping"
"91","4","2",3,"15",50,0.225487183482253,0.53964362806946,"F","F>0","creeping"
"92","4","2",4,"15",50,0.253574432432432,0.417247850539576,"F","F>0","creeping"
"93","4","2",5,"15",50,0.593935159848229,0.538042585167365,"F","F>0","creeping"
"94","4","2",6,"15",50,-0.328022147586773,0.468244626255146,"F","F>0","creeping"
"95","4","2",7,"15",50,0.0242307977839335,0.352041809222037,"F","F>0","creeping"
"96","4","2",8,"15",50,0.076942,0.292823216912979,"F","F>0","creeping"
"97","4","2",9,"15",50,-0.175312225960524,0.26888709640565,"F","F>0","creeping"
"98","4","2",10,"15",50,-0.124217501616443,0.314832405999539,"F","F>0","creeping"
"99","4","2",11,"15",50,-0.119979607016713,0.339192939538762,"F","F>0","creeping"
"100","4","2",12,"15",50,-0.44203735331164,0.512472981775301,"F","F>0","creeping"
"101","4","2",13,"15",50,0.183589725034771,0.587711978420111,"F","F>0","creeping"
"102","4","2",14,"15",50,-0.79501716949176,0.292215122733567,"F","F>0","creeping"
"103","4","2",15,"15",50,-0.78144128664034,0.276175497199917,"F","F>0","creeping"
"104","5","1",1,"15",50,-1.47445987189564,0.382696665431184,"F","F<0","dead"
"105","5","1",2,"15",50,-1.91710348438035,0.428079073602918,"F","F<0","dead"
"106","5","1",3,"15",50,-2.54049149760681,5.71043219713337,"F","F<0","dead"
"107","5","1",4,"15",50,-1.99169333715207,0.403109381224847,"F","F<0","dead"
"108","5","1",5,"15",50,-2.33042061534703,0.294905685049595,"F","F<0","dead"
"109","5","1",6,"15",50,-2.51423306138952,0.345758585103,"F","F<0","dead"
"110","5","1",7,"15",50,-1.40780737746119,1.25237010733697,"F","F<0","dead"
"111","5","1",8,"15",50,-0.819011996021946,0.890930747828052,"F","F<0","dead"
"112","5","1",9,"15",50,-1.58292223902336,0.636258756625686,"F","F<0","dead"
"113","5","1",10,"15",50,-0.858573227062231,0.803826255978489,"F","F<0","dead"
"114","5","1",11,"15",50,-1.14134975453156,0.82316831637695,"F","F<0","dead"
"115","5","1",12,"15",50,-1.24335075817972,0.546563407388766,"F","F<0","dead"
"116","5","1",13,"15",50,-0.764502182475918,0.765233571578567,"F","F<0","dead"
"117","5","2",1,"15",50,-1.90281074751202,0.257587245808528,"F","F<0","dead"
"118","5","2",2,"15",50,-2.11231178029486,0.362943285562723,"F","F<0","dead"
"119","5","2",3,"15",50,-1.71978858067296,0.406830246234758,"F","F<0","dead"
"120","5","2",4,"15",50,-1.19994324810985,0.504454375922912,"F","F<0","dead"
"121","5","2",5,"15",50,-1.16959227866147,0.356040741059262,"F","F<0","dead"
"122","5","2",6,"15",50,-1.17980233002151,0.326480803906189,"F","F<0","dead"
"123","5","2",7,"15",50,-1.54537380927901,0.334692085735109,"F","F<0","dead"
"124","5","2",8,"15",50,-1.319687830137,0.301302317144858,"F","F<0","dead"
"125","5","2",9,"15",50,-0.624699029802305,0.568421658580403,"F","F<0","dead"
"126","5","2",10,"15",50,-0.687901738966416,0.379526940626864,"F","F<0","dead"
"127","5","2",11,"15",50,-0.874318836088598,0.225823510090406,"F","F<0","dead"
"128","5","2",12,"15",50,-0.785762975787943,0.249648482286086,"F","F<0","dead"
"129","5","2",13,"15",50,-0.9596442834383,0.370698928924145,"F","F<0","dead"
"130","5","2",14,"15",50,-0.854621702414799,0.261578371765782,"F","F<0","dead"
"131","5","2",15,"15",50,-0.830437737455923,0.254339952422386,"F","F<0","dead"
"132","6","1",1,"15",50,-3.19861130169457,0.795079980888145,"F","F<0","dead"
"133","6","1",2,"15",50,-1.73615846921404,0.792150738132686,"F","F<0","dead"
"134","6","1",3,"15",50,-1.41940139831763,0.825386843908309,"F","F<0","dead"
"135","6","1",4,"15",49,-1.59497110135603,0.772222309937541,"F","F<0","dead"
"136","6","1",5,"15",50,-1.75079944368249,0.703993708732937,"F","F<0","dead"
"137","6","1",6,"15",50,-1.69272232867867,0.829611206071466,"F","F<0","dead"
"138","6","1",7,"15",50,-1.97698061166224,0.642125625647312,"F","F<0","dead"
"139","6","1",8,"15",50,-1.68842750943359,0.751555603862084,"F","F<0","dead"
"140","6","1",9,"15",50,-1.79723888003675,0.522594879142303,"F","F<0","dead"
"141","6","1",10,"15",50,-1.35483648943045,0.623226782760756,"F","F<0","dead"
"142","6","1",11,"15",50,-0.464584776190516,0.619587163105303,"F","F<0","dead"
"143","6","1",12,"15",50,-0.85699088324355,0.571299341100548,"F","F<0","dead"
"144","6","1",13,"15",50,-1.50151809977469,0.588326768539837,"F","F<0","dead"
"145","6","2",1,"15",50,-2.00476523178997,0.331837958642723,"F","F<0","dead"
"146","6","2",2,"15",50,-1.74110538031563,0.434682978810849,"F","F<0","dead"
"147","6","2",3,"15",50,-1.25756704769231,0.993712342421787,"F","F<0","dead"
"148","6","2",4,"15",50,-1.7775811576585,0.472258779455428,"F","F<0","dead"
"149","6","2",5,"15",50,-1.54976097456235,0.664412467185578,"F","F<0","dead"
"150","6","2",6,"15",50,-1.09088366690953,0.941454030345557,"F","F<0","dead"
"151","6","2",7,"15",50,-1.06383430162799,0.720077015618171,"F","F<0","dead"
"152","6","2",8,"15",50,-1.26284969787456,0.564890224563561,"F","F<0","dead"
"153","6","2",9,"15",50,-1.86195842481873,0.676895972998328,"F","F<0","dead"
"154","6","2",10,"15",50,-2.07545344037951,0.557646947242816,"F","F<0","dead"
"155","6","2",11,"15",50,-1.96525156988021,0.580744738883378,"F","F<0","dead"
"156","6","2",12,"15",50,-1.99003727015066,0.56039662761202,"F","F<0","dead"
"157","6","2",13,"15",50,-2.02430426709256,0.60921777864942,"F","F<0","dead"
"158","6","2",14,"15",50,-1.8278055046909,0.536159209233875,"F","F<0","dead"
"159","6","2",15,"15",50,-1.31321805884047,0.743874127602337,"F","F<0","dead"
"160","7","1",1,"15",50,-2.00907950703912,0.489591506859031,"F","F>0","creeping"
"161","7","1",2,"15",51,-2.15146037708174,0.399326984374665,"F","F>0","creeping"
"162","7","1",3,"15",50,-0.0215383030022098,0.855419233882877,"F","F>0","creeping"
"163","7","1",4,"15",50,-0.590307814320713,0.634229161471655,"F","F>0","creeping"
"164","7","1",5,"15",50,0.351375430914981,0.982805720253336,"F","F>0","creeping"
"165","7","1",6,"15",50,0.42901166750024,1.08533629567031,"F","F>0","creeping"
"166","7","1",7,"15",50,0.039304282722513,0.654624260822546,"F","F>0","creeping"
"167","7","1",8,"15",50,-0.226113175330839,0.862573122670875,"F","F>0","creeping"
"168","7","1",9,"15",50,-0.25899711904258,0.929032188304334,"F","F>0","creeping"
"169","7","1",10,"15",50,-0.143219539452909,0.61634109564704,"F","F>0","creeping"
"170","7","1",11,"15",50,-0.128914358964263,0.44994202077246,"F","F>0","creeping"
"171","7","1",12,"15",50,-0.514246627898738,0.743965228300426,"F","F>0","creeping"
"172","7","1",13,"15",50,1.00402859197958,1.71536736833493,"F","F>0","creeping"
"173","7","2",1,"15",50,-2.00029534187864,0.556305306571969,"F","F>0","creeping"
"174","7","2",2,"15",50,-2.14071705053052,0.377205440341957,"F","F>0","creeping"
"175","7","2",3,"15",50,-2.07825580094488,1.00687738681866,"F","F>0","creeping"
"176","7","2",4,"15",50,-2.11698571165766,0.41952354454353,"F","F>0","creeping"
"177","7","2",5,"15",50,-1.56417451767882,1.5743017623696,"F","F>0","creeping"
"178","7","2",6,"15",50,-1.01164813256835,1.87932467200033,"F","F>0","creeping"
"179","7","2",7,"15",50,-1.79320388606395,1.17984035760133,"F","F>0","creeping"
"180","7","2",8,"15",50,-1.69110753986136,1.33026139230069,"F","F>0","creeping"
"181","7","2",9,"15",50,-2.12364694939657,0.861848875529113,"F","F>0","creeping"
"182","7","2",10,"15",50,0.0969723165497152,2.35916885579587,"F","F>0","creeping"
"183","7","2",11,"15",50,-1.11425425638509,1.56125993511829,"F","F>0","creeping"
"184","7","2",12,"15",50,1.88820401593237,2.24070521470199,"F","F>0","creeping"
"185","7","2",13,"15",50,0.0147259982496617,2.13154565053565,"F","F>0","creeping"
"186","7","2",14,"15",50,1.5563472112549,1.66060603040832,"F","F>0","creeping"
"187","7","2",15,"15",50,-0.655599563578072,0.963947577648786,"F","F>0","creeping"
"188","8","1",1,"20",50,2.57011036498411,1.85562485324373,"T","F<0","success"
"189","8","1",2,"20",50,2.81191685033985,1.39786669346497,"T","F<0","success"
"190","8","1",3,"20",50,2.18369989522078,2.16940690483011,"T","F<0","success"
"191","8","1",4,"20",50,3.85915456219652,0.334062723538273,"T","F<0","success"
"192","8","1",5,"20",50,3.57874457308567,0.369281803971393,"T","F<0","success"
"193","8","1",6,"20",50,3.20176929913544,0.344861588044329,"T","F<0","success"
"194","8","2",1,"20",50,-1.10401544918173,0.860983510700987,"T","F<0","success"
"195","8","2",2,"20",50,-1.28605957960316,0.44995209098373,"T","F<0","success"
"196","8","2",3,"20",50,-1.00710934891484,0.53987187958689,"T","F<0","success"
"197","8","2",4,"20",50,-1.24542904013485,0.56849756796167,"T","F<0","success"
"198","8","2",5,"20",50,-1.32891329829681,0.580691810665199,"T","F<0","success"
"199","8","2",6,"20",50,-0.85001791973448,0.658081148815953,"T","F<0","success"
"200","8","2",7,"20",50,-0.343208261177502,1.28073952626622,"T","F<0","success"
"201","8","2",8,"20",50,2.23731233138446,1.28935430846034,"T","F<0","success"
"202","8","2",9,"20",50,3.28587355841915,0.461656221326972,"T","F<0","success"
"203","8","2",10,"20",50,3.33910147551949,1.01206379284943,"T","F<0","success"
"204","10","1",1,"15",50,-3.30792010965098,0.808709814407178,"T","F<0","success"
"205","10","1",2,"15",50,-2.07499821940137,0.410061818109603,"T","F<0","success"
"206","10","1",3,"15",50,-1.68039491689618,0.34903722901571,"T","F<0","success"
"207","10","1",4,"15",50,-1.50082077771133,0.407621841117364,"T","F<0","success"
"208","10","1",5,"15",50,-1.73697236334571,0.575291561901149,"T","F<0","success"
"209","10","1",6,"15",50,-1.49719260068323,0.504864526095196,"T","F<0","success"
"210","10","1",7,"15",50,0.0320872200914356,1.18676972458431,"T","F<0","success"
"211","10","1",8,"15",50,0.573938269880277,0.865384379824761,"T","F<0","success"
"212","10","1",9,"15",50,1.74602317590896,0.694465324281605,"T","F<0","success"
"213","10","1",10,"15",50,2.2121524098795,0.628331375004473,"T","F<0","success"
"214","10","1",11,"15",50,2.56700443279069,0.677449776131448,"T","F<0","success"
"215","10","2",1,"15",50,-1.31175602132077,0.570179597252095,"T","F<0","success"
"216","10","2",2,"15",51,-0.996123720540437,0.832504439411872,"T","F<0","success"
"217","10","2",3,"15",50,-0.486055262561496,1.09167625260587,"T","F<0","success"
"218","10","2",4,"15",50,-1.24160695508383,0.512517010226981,"T","F<0","success"
"219","10","2",5,"15",50,-1.68571813418016,0.535673980963226,"T","F<0","success"
"220","10","2",6,"15",50,-0.957837752993751,1.05383245683715,"T","F<0","success"
"221","10","2",7,"15",50,0.413710036600039,1.07648473161099,"T","F<0","success"
"222","10","2",8,"15",50,-1.10651113342099,1.027379592664,"T","F<0","success"
"223","10","2",9,"15",50,-1.05345947484049,1.17860589097976,"T","F<0","success"
"224","10","2",10,"15",50,-0.554301838096608,1.02797489784001,"T","F<0","success"
"225","10","2",11,"15",50,-0.294311368047926,0.941900051000757,"T","F<0","success"
"226","10","2",12,"15",50,0.409487122409065,0.98853190921776,"T","F<0","success"
"227","10","2",13,"15",50,-0.42606723244759,1.42956500622411,"T","F<0","success"
"228","10","2",14,"15",50,-1.20755287970339,1.09002874224921,"T","F<0","success"
"229","10","2",15,"15",50,0.080495367271882,1.4864322899622,"T","F<0","success"
"230","11","1",1,"15",50,-1.01289615332533,0.589657976327327,"F","F>0","creeping"
"231","11","1",2,"15",50,-0.736083728679637,0.526141205149368,"F","F>0","creeping"
"232","11","1",3,"15",50,-0.935889283516613,1.27590848952413,"F","F>0","creeping"
"233","11","1",4,"15",50,-1.31172148112942,0.615952446628067,"F","F>0","creeping"
"234","11","1",5,"15",50,-0.737735606303683,0.987795539700895,"F","F>0","creeping"
"235","11","1",6,"15",50,-0.94710323242386,0.329182331120198,"F","F>0","creeping"
"236","11","1",7,"15",50,-0.704002164678631,0.554640256681716,"F","F>0","creeping"
"237","11","1",8,"15",49,0.65295286989396,1.11914615756804,"F","F>0","creeping"
"238","11","1",9,"15",50,0.615291869293933,0.71673166623938,"F","F>0","creeping"
"239","11","1",10,"15",50,-0.097194,0.414323869873483,"F","F>0","creeping"
"240","11","1",11,"15",50,1.129894,0.657111086626414,"F","F>0","creeping"
"241","11","1",12,"15",50,1.47518322772146,0.810012331058413,"F","F>0","creeping"
"242","11","1",13,"15",50,1.645132839705,0.695634052654707,"F","F>0","creeping"
"243","11","2",1,"15",50,-0.309472220216102,0.383423685561948,"F","F>0","creeping"
"244","11","2",2,"15",50,-1.43099160932879,0.330682940749024,"F","F>0","creeping"
"245","11","2",3,"15",50,0.325919891530847,0.875755152938769,"F","F>0","creeping"
"246","11","2",4,"15",50,1.66901793993676,0.757404587981659,"F","F>0","creeping"
"247","11","2",5,"15",50,0.646296171345496,1.10205826479695,"F","F>0","creeping"
"248","11","2",6,"15",50,-0.328569604256625,1.07651435190895,"F","F>0","creeping"
"249","11","2",7,"15",50,-0.0178098517083632,0.998466729797868,"F","F>0","creeping"
"250","11","2",8,"15",50,-0.219177543449034,0.923106802030019,"F","F>0","creeping"
"251","11","2",9,"15",50,-0.751192448364843,0.639623718809538,"F","F>0","creeping"
"252","11","2",10,"15",50,-0.503378620814502,0.638853979914189,"F","F>0","creeping"
"253","11","2",11,"15",50,-0.817810468254974,0.732294312870148,"F","F>0","creeping"
"254","11","2",12,"15",50,-1.19376878736633,0.240098947461682,"F","F>0","creeping"
"255","11","2",13,"15",50,-1.08781718785833,0.250888417731237,"F","F>0","creeping"
"256","11","2",14,"15",50,0.322146186945916,0.913791058522065,"F","F>0","creeping"
"257","11","2",15,"15",50,-0.791131282130365,0.5333601341582,"F","F>0","creeping"
"258","12","1",1,"15",50,-2.6384988017212,0.917599269055264,"T","F<0","success"
"259","12","1",2,"15",50,-0.670216678257175,1.33118084831249,"T","F<0","success"
"260","12","1",3,"15",50,-0.412908204484374,1.02469899557644,"T","F<0","success"
"261","12","1",4,"15",50,-0.0890961316640818,0.465310500142494,"T","F<0","success"
"262","12","1",5,"15",50,0.296728,0.299429746480791,"T","F<0","success"
"263","12","1",6,"15",50,1.159902,0.681184899975845,"T","F<0","success"
"264","12","1",7,"15",50,0.840265244897959,0.48388235336639,"T","F<0","success"
"265","12","1",8,"15",50,1.45298661941452,0.85731151843847,"T","F<0","success"
"266","12","2",1,"15",50,-0.732244537082722,0.526719842520331,"T","F<0","success"
"267","12","2",2,"15",50,-0.483062876722211,0.621233718105286,"T","F<0","success"
"268","12","2",3,"15",50,-0.609708970591181,0.93044493116175,"T","F<0","success"
"269","12","2",4,"15",50,-0.762479857287439,0.790286008888204,"T","F<0","success"
"270","12","2",5,"15",50,-0.92273236936289,0.401716456145966,"T","F<0","success"
"271","12","2",6,"15",50,-0.868209458705633,0.576734443638658,"T","F<0","success"
"272","12","2",7,"15",50,-1.0130935981579,0.917337061352797,"T","F<0","success"
"273","12","2",8,"15",51,0.593704484686947,0.723541942144323,"T","F<0","success"
"274","12","2",9,"15",50,0.341008269737535,0.775490216266124,"T","F<0","success"
"275","12","2",10,"15",50,-0.113829239992683,1.00348570679192,"T","F<0","success"
"276","12","2",11,"15",50,-2.04239903212549,0.457767641031821,"T","F<0","success"
"277","12","2",12,"15",50,-1.88809483742766,0.454995789488403,"T","F<0","success"
"278","12","2",13,"15",50,-1.77009845008317,0.422749815716443,"T","F<0","success"
"279","12","2",14,"15",50,-1.14454147785308,0.634638660316357,"T","F<0","success"
"280","12","2",15,"15",50,-1.00679311481918,0.894138305607502,"T","F<0","success"
"281","13","1",1,"15",50,-1.50833673292015,0.48846413113992,"F","F<0","dead"
"282","13","1",2,"15",50,-1.73922612895464,0.390155799396765,"F","F<0","dead"
"283","13","1",3,"15",50,-1.88997689052047,0.323433149738869,"F","F<0","dead"
"284","13","1",4,"15",50,-1.81191261022147,0.293665841895883,"F","F<0","dead"
"285","13","1",5,"15",50,-1.46842019540658,0.265435584433671,"F","F<0","dead"
"286","13","1",6,"15",50,-1.83051029811336,0.22814801424526,"F","F<0","dead"
"287","13","1",7,"15",50,-1.49535825251203,0.320055364787186,"F","F<0","dead"
"288","13","1",8,"15",51,-1.05326330245019,0.309806501941427,"F","F<0","dead"
"289","13","1",9,"15",50,-0.720715754267756,0.869888411487636,"F","F<0","dead"
"290","13","1",10,"15",50,-0.930147461136769,0.429980855053939,"F","F<0","dead"
"291","13","1",11,"15",50,-0.823467466744908,0.520369562594285,"F","F<0","dead"
"292","13","1",12,"15",50,-1.92832795496249,0.331579279622949,"F","F<0","dead"
"293","13","1",13,"15",50,-0.997084684191473,0.66342843854199,"F","F<0","dead"
"294","13","2",1,"15",50,-1.26302841011115,0.418347217168624,"F","F<0","dead"
"295","13","2",2,"15",50,-1.45521133223595,0.54365808024476,"F","F<0","dead"
"296","13","2",3,"15",50,-1.17825046116388,0.418257859707541,"F","F<0","dead"
"297","13","2",4,"15",50,-1.29285838355174,0.434601890504772,"F","F<0","dead"
"298","13","2",5,"15",50,-0.958175063472028,0.258718191296676,"F","F<0","dead"
"299","13","2",6,"15",50,-0.995781892047501,0.35561838382117,"F","F<0","dead"
"300","13","2",7,"15",50,-0.890352335261635,0.279193411211602,"F","F<0","dead"
"301","13","2",8,"15",50,-1.00743916474179,0.274284213815027,"F","F<0","dead"
"302","13","2",9,"15",50,-0.836358304593213,0.162289750357896,"F","F<0","dead"
"303","13","2",10,"15",50,-0.808683638810228,0.174298612543233,"F","F<0","dead"
"304","13","2",11,"15",50,-0.861572600604484,0.164878675498242,"F","F<0","dead"
"305","13","2",12,"15",50,-0.902234422856787,0.206678006837324,"F","F<0","dead"
"306","13","2",13,"15",50,-0.807460381987511,0.22603251701788,"F","F<0","dead"
"307","13","2",14,"15",50,-0.7705377575486,0.197131446882625,"F","F<0","dead"
"308","13","2",15,"15",50,-0.886994853044642,0.181458616806668,"F","F<0","dead"
"309","14","1",1,"20",50,-1.38688600138707,0.820333523438431,"F","F<0","dead"
"310","14","1",2,"20",50,0.149090801660672,0.804367047613874,"F","F<0","dead"
"311","14","1",3,"20",50,1.46085027112574,0.598293261308241,"F","F<0","dead"
"312","14","1",4,"20",50,1.26098468571415,0.908635800683658,"F","F<0","dead"
"313","14","1",5,"20",50,0.600467609705762,1.05285666410868,"F","F<0","dead"
"314","14","1",6,"20",50,-0.896351834037495,0.779128098730014,"F","F<0","dead"
"315","14","1",7,"20",50,-1.40548805968451,0.744109285483796,"F","F<0","dead"
"316","14","1",8,"20",50,-0.513129229902803,1.03956429517494,"F","F<0","dead"
"317","14","1",9,"20",50,-1.51177392964995,0.739691410422053,"F","F<0","dead"
"318","14","1",10,"20",50,-0.862367531430248,0.999300543092868,"F","F<0","dead"
"319","14","1",11,"20",50,-2.14056042613422,0.492520260662151,"F","F<0","dead"
"320","14","1",12,"20",50,-1.52753124698159,0.491732026145239,"F","F<0","dead"
"321","14","1",13,"20",50,-1.72188352590854,0.598874426804345,"F","F<0","dead"
"322","14","2",1,"20",50,-2.56087681072328,0.27155641957275,"F","F<0","dead"
"323","14","2",2,"20",50,-2.63174475863205,0.331839682433467,"F","F<0","dead"
"324","14","2",3,"20",50,-2.52622490656331,0.34192562065642,"F","F<0","dead"
"325","14","2",4,"20",50,-3.13133513073664,0.562595724346562,"F","F<0","dead"
"326","14","2",5,"20",50,-2.68102662164331,0.504479836508578,"F","F<0","dead"
"327","14","2",6,"20",50,-3.02361936593953,0.629204667957011,"F","F<0","dead"
"328","14","2",7,"20",50,-3.43233538223014,0.489656856488901,"F","F<0","dead"
"329","14","2",8,"20",50,-3.3562316961834,0.408204327684873,"F","F<0","dead"
"330","14","2",9,"20",50,-2.97923965302157,0.323869232723394,"F","F<0","dead"
"331","14","2",10,"20",50,-2.82747084751515,0.33110448851044,"F","F<0","dead"
"332","14","2",11,"20",50,-3.41907205313055,0.312871922583345,"F","F<0","dead"
"333","14","2",12,"20",50,-2.85089858806613,0.349941636677172,"F","F<0","dead"
"334","14","2",13,"20",50,-2.81797707943832,0.410237571493154,"F","F<0","dead"
"335","14","2",14,"20",50,-2.95080588928408,0.295710423726784,"F","F<0","dead"
"336","14","2",15,"20",50,-2.97294475387721,0.35459272626198,"F","F<0","dead"
"337","15","1",1,"20",50,-2.37935769637868,0.499146622123294,"F","F>0","creeping"
"338","15","1",2,"20",50,-0.767975105019534,1.19650395051821,"F","F>0","creeping"
"339","15","1",3,"20",50,-1.19197978687822,0.662302586041228,"F","F>0","creeping"
"340","15","1",4,"20",50,-1.18412907429079,0.842030660732695,"F","F>0","creeping"
"341","15","1",5,"20",50,-2.20820858312022,0.589182081935299,"F","F>0","creeping"
"342","15","1",6,"20",50,-0.94071921907335,1.17612515083977,"F","F>0","creeping"
"343","15","1",7,"20",50,-0.302659088564915,1.00358428745582,"F","F>0","creeping"
"344","15","1",8,"20",50,-1.45295604823587,0.735215119222574,"F","F>0","creeping"
"345","15","1",9,"20",50,-0.670488621350356,1.48226878249402,"F","F>0","creeping"
"346","15","1",10,"20",50,0.239858929726652,1.43664944092676,"F","F>0","creeping"
"347","15","1",11,"20",50,0.018795995593221,1.53540647297015,"F","F>0","creeping"
"348","15","1",12,"20",50,-1.32715436430821,1.26819834012771,"F","F>0","creeping"
"349","15","1",13,"20",50,0.843279932936363,1.55980890626192,"F","F>0","creeping"
"350","15","2",1,"20",50,-2.44823993610652,0.953470878084154,"F","F>0","creeping"
"351","15","2",2,"20",50,-1.82370836924314,0.930719137781565,"F","F>0","creeping"
"352","15","2",3,"20",50,-0.208429643087191,0.616298941470917,"F","F>0","creeping"
"353","15","2",4,"20",50,-0.10568232308902,0.51744975749794,"F","F>0","creeping"
"354","15","2",5,"20",50,0.28287555346138,0.724752156303587,"F","F>0","creeping"
"355","15","2",6,"20",50,0.619073783169267,0.657960275152368,"F","F>0","creeping"
"356","15","2",7,"20",50,0.11234271178911,0.903151160063686,"F","F>0","creeping"
"357","15","2",8,"20",50,0.0676107533635692,0.812914449552621,"F","F>0","creeping"
"358","15","2",9,"20",50,0.531849714071214,0.546521304004198,"F","F>0","creeping"
"359","15","2",10,"20",50,0.838928680442572,0.566542457156638,"F","F>0","creeping"
"360","15","2",11,"20",50,1.058812,0.442337924954509,"F","F>0","creeping"
"361","15","2",12,"20",50,0.606161583117403,0.956443147864593,"F","F>0","creeping"
"362","15","2",13,"20",50,0.170587091960977,0.966030056267671,"F","F>0","creeping"
"363","15","2",14,"20",50,-1.84093112731659,1.0263981851602,"F","F>0","creeping"
"364","15","2",15,"20",50,-0.221772089352873,0.870715073787571,"F","F>0","creeping"
"365","16","1",1,"15",50,-1.28903873582381,0.526094225343119,"F","F<0","dead"
"366","16","1",2,"15",50,-1.06611625762497,0.411214312444426,"F","F<0","dead"
"367","16","1",3,"15",50,-1.15141728774278,0.313697144405574,"F","F<0","dead"
"368","16","1",4,"15",50,-1.0338631853663,0.269940128796735,"F","F<0","dead"
"369","16","1",5,"15",50,-1.13780805000074,0.331761918475229,"F","F<0","dead"
"370","16","1",6,"15",50,-1.18289570361753,0.457556336142115,"F","F<0","dead"
"371","16","1",7,"15",50,-1.32696810605118,0.719379101196761,"F","F<0","dead"
"372","16","1",8,"15",50,-0.959295227062029,0.500538675783119,"F","F<0","dead"
"373","16","1",9,"15",50,-0.982033971892303,0.289193839433415,"F","F<0","dead"
"374","16","1",10,"15",50,-1.18424348170729,0.478637804871471,"F","F<0","dead"
"375","16","1",11,"15",50,-0.910453207770502,0.364493747143893,"F","F<0","dead"
"376","16","1",12,"15",50,-1.18073672161386,0.331808816794064,"F","F<0","dead"
"377","16","1",13,"15",50,-1.29858369966936,0.471316124104792,"F","F<0","dead"
"378","16","2",1,"15",50,-1.10527594787018,0.428980550018749,"F","F<0","dead"
"379","16","2",2,"15",50,-1.0318702236644,0.284366872235918,"F","F<0","dead"
"380","16","2",3,"15",50,-1.15158448642605,0.305626399665117,"F","F<0","dead"
"381","16","2",4,"15",50,-1.22993195147096,0.359812551605892,"F","F<0","dead"
"382","16","2",5,"15",50,-1.16688971824459,0.395169583245556,"F","F<0","dead"
"383","16","2",6,"15",50,-1.28285341051845,0.269106512874669,"F","F<0","dead"
"384","16","2",7,"15",50,-1.18452147171269,0.267491629385817,"F","F<0","dead"
"385","16","2",8,"15",50,-1.28657178531614,0.432686048882546,"F","F<0","dead"
"386","16","2",9,"15",50,-1.10220375471518,0.225415047092764,"F","F<0","dead"
"387","16","2",10,"15",50,-1.36157553837969,0.337195688635543,"F","F<0","dead"
"388","16","2",11,"15",50,-1.21352769594263,0.271967504884216,"F","F<0","dead"
"389","16","2",12,"15",50,-1.22964485735334,0.277476884563829,"F","F<0","dead"
"390","16","2",13,"15",50,-1.04860546723271,0.367166205294826,"F","F<0","dead"
"391","16","2",14,"15",50,-0.87598737354319,0.320269707402426,"F","F<0","dead"
"392","16","2",15,"15",50,-1.00271155299679,0.301968401119684,"F","F<0","dead"
"393","17","1",1,"20",50,-2.20072304779392,0.669177087397841,"F","F>0","creeping"
"394","17","1",2,"20",50,-2.07197557772372,0.877376307051877,"F","F>0","creeping"
"395","17","1",3,"20",51,-0.0525960784313726,0.53419299394911,"F","F>0","creeping"
"396","17","1",4,"20",50,0.200156528030699,1.22268380993541,"F","F>0","creeping"
"397","17","1",5,"20",50,0.391763737962915,1.11671573642459,"F","F>0","creeping"
"398","17","1",6,"20",50,0.461122190013274,1.15212374422198,"F","F>0","creeping"
"399","17","1",7,"20",50,0.692992229936113,0.782526484099358,"F","F>0","creeping"
"400","17","1",8,"20",50,1.29175504981383,0.586870573724548,"F","F>0","creeping"
"401","17","1",9,"20",50,0.46797335485241,0.726302999829434,"F","F>0","creeping"
"402","17","1",10,"20",50,0.631813928537742,0.892686968583153,"F","F>0","creeping"
"403","17","1",11,"20",50,1.260128,0.359109214266953,"F","F>0","creeping"
"404","17","1",12,"20",50,0.689678,0.35023113551144,"F","F>0","creeping"
"405","17","1",13,"20",50,0.694632,0.237488407828806,"F","F>0","creeping"
"406","17","2",1,"20",50,-2.0124247230913,0.576482713870471,"F","F>0","creeping"
"407","17","2",2,"20",50,-2.04041603478911,0.484620694832687,"F","F>0","creeping"
"408","17","2",3,"20",50,-2.07961992393153,0.444167272987662,"F","F>0","creeping"
"409","17","2",4,"20",50,-2.19572674640627,0.438115226923477,"F","F>0","creeping"
"410","17","2",5,"20",50,-2.26468583624865,0.480324109837875,"F","F>0","creeping"
"411","17","2",6,"20",50,-2.03744197997303,0.426646702578085,"F","F>0","creeping"
"412","17","2",7,"20",50,-1.21773441653928,0.455158446301738,"F","F>0","creeping"
"413","17","2",8,"20",50,-1.02152197092871,0.268005931567784,"F","F>0","creeping"
"414","17","2",9,"20",50,-1.08040981906886,0.614151084524607,"F","F>0","creeping"
"415","17","2",10,"20",50,-0.971081576309794,0.383144764702521,"F","F>0","creeping"
"416","17","2",11,"20",50,-1.18560656131739,0.334128850853914,"F","F>0","creeping"
"417","17","2",12,"20",50,-1.06832063844573,0.246257181523508,"F","F>0","creeping"
"418","17","2",13,"20",50,-1.03386188212614,0.224513781192098,"F","F>0","creeping"
"419","17","2",14,"20",50,-1.56349362299716,0.331239098400838,"F","F>0","creeping"
"420","17","2",15,"20",50,-1.49371079254853,0.284090062020502,"F","F>0","creeping"
"421","18","1",1,"15",50,-2.32427891216416,0.727976263620018,"F","F<0","dead"
"422","18","1",2,"15",50,-1.53654850015043,0.443177527180824,"F","F<0","dead"
"423","18","1",3,"15",50,-1.47141020705795,0.380130504723897,"F","F<0","dead"
"424","18","1",4,"15",50,-1.58659001039267,0.502064087352836,"F","F<0","dead"
"425","18","1",5,"15",50,-1.36833184900201,0.4343786821158,"F","F<0","dead"
"426","18","1",6,"15",50,-1.24257179149735,0.382489890360593,"F","F<0","dead"
"427","18","1",7,"15",50,-1.29481046742242,0.375364693809213,"F","F<0","dead"
"428","18","1",8,"15",50,-1.274919834005,0.246266938257834,"F","F<0","dead"
"429","18","1",9,"15",50,-1.42873354457787,0.337890848946773,"F","F<0","dead"
"430","18","1",10,"15",50,-1.50485092577907,0.351642389258704,"F","F<0","dead"
"431","18","1",11,"15",50,-1.36510684574824,0.311662829707725,"F","F<0","dead"
"432","18","1",12,"15",50,-1.30135190890655,0.387357940807019,"F","F<0","dead"
"433","18","1",13,"15",50,-1.12642650237012,0.388665004463989,"F","F<0","dead"
"435","18","2",1,"15",50,-1.25549406687115,0.256099332199359,"F","F<0","dead"
"436","18","2",2,"15",50,-1.34627066837517,0.336443230029712,"F","F<0","dead"
"437","18","2",3,"15",50,-1.3042806717573,0.356537681309844,"F","F<0","dead"
"438","18","2",4,"15",50,-1.3888929881451,0.363930697073162,"F","F<0","dead"
"439","18","2",5,"15",50,-1.46709447732599,0.320062540495364,"F","F<0","dead"
"440","18","2",6,"15",50,-1.09927107613509,0.563575117869698,"F","F<0","dead"
"441","18","2",7,"15",50,-1.10463547731581,0.355960957780129,"F","F<0","dead"
"442","18","2",8,"15",50,-0.859667977398009,0.405552654354259,"F","F<0","dead"
"443","18","2",9,"15",50,-0.840657104591712,0.40675156869192,"F","F<0","dead"
"444","18","2",10,"15",50,-0.883562514076914,0.496641456459474,"F","F<0","dead"
"445","18","2",11,"15",50,-0.880737640695371,0.495739842073827,"F","F<0","dead"
"446","18","2",12,"15",50,-0.781670612496857,0.295355677927179,"F","F<0","dead"
"447","18","2",13,"15",50,-0.704158593551222,0.338315138571418,"F","F<0","dead"
"448","18","2",14,"15",50,-0.73099866065812,0.274782327077919,"F","F<0","dead"
"449","18","2",15,"15",50,-0.973076254467891,0.362721104412559,"F","F<0","dead"
"450","19","1",1,"20",50,-2.15383183920307,0.501900707115879,"T","F<0","success"
"451","19","1",2,"20",50,-1.86765399902011,0.80540985497204,"T","F<0","success"
"452","19","1",3,"20",50,-0.127828900964085,1.40973115692329,"T","F<0","success"
"453","19","1",4,"20",50,-0.593680450621414,1.14006971781277,"T","F<0","success"
"454","19","1",5,"20",50,0.583246176064083,1.12174022736876,"T","F<0","success"
"455","19","1",6,"20",50,2.26988084431293,0.651802926059625,"T","F<0","success"
"456","19","1",7,"20",50,2.84478253410312,0.877731630377674,"T","F<0","success"
"457","19","1",8,"20",50,3.17747996784557,0.974016510205813,"T","F<0","success"
"458","19","2",1,"20",50,0.371745470684784,1.2161911658218,"T","F<0","success"
"459","19","2",2,"20",50,0.567095109015773,0.88610295985837,"T","F<0","success"
"460","19","2",3,"20",50,0.244816141143824,0.684653635524779,"T","F<0","success"
"461","19","2",4,"20",50,-0.729398147931822,1.14548725881476,"T","F<0","success"
"462","19","2",5,"20",50,0.443099491194298,1.20759588216426,"T","F<0","success"
"463","19","2",6,"20",50,-1.17829154199658,0.536691570134339,"T","F<0","success"
"464","19","2",7,"20",50,-1.07929527014945,0.49049375827306,"T","F<0","success"
"465","19","2",8,"20",50,-1.29554236805974,0.56111120603785,"T","F<0","success"
"466","19","2",9,"20",50,-0.0628510262614612,0.984306304994193,"T","F<0","success"
"467","19","2",10,"20",50,0.276183205660328,0.652984730353502,"T","F<0","success"
"468","19","2",11,"20",50,-0.079476969456899,0.706372637102768,"T","F<0","success"
"469","19","2",12,"20",50,0.68355899459535,0.9159774377958,"T","F<0","success"
"470","19","2",13,"20",50,0.775659926247289,0.628171703228858,"T","F<0","success"
"471","19","2",14,"20",50,0.245961517318757,0.803383538373966,"T","F<0","success"
"472","19","2",15,"20",50,0.545814928211527,0.868358427996402,"T","F<0","success"
"473","20","1",1,"15",50,-1.36783252362071,0.681058393214834,"F","F>0","creeping"
"474","20","1",2,"15",50,-1.70127978458224,0.473764307649325,"F","F>0","creeping"
"475","20","1",3,"15",50,-3.92531798538224,0.454026616442919,"F","F>0","creeping"
"476","20","1",4,"15",50,-1.86902451161802,0.48471287705978,"F","F>0","creeping"
"477","20","1",5,"15",50,-1.33514047620624,0.7443947460123,"F","F>0","creeping"
"478","20","1",6,"15",50,-2.00519904167389,0.506268585660507,"F","F>0","creeping"
"479","20","1",7,"15",50,-2.16789115754007,0.34154977488817,"F","F>0","creeping"
"480","20","1",8,"15",50,-1.22916718082606,0.603232352170384,"F","F>0","creeping"
"481","20","1",9,"15",50,-1.10683918671355,0.523751870410786,"F","F>0","creeping"
"482","20","1",10,"15",50,-1.40659149422243,0.739055631982864,"F","F>0","creeping"
"483","20","1",11,"15",50,-0.205813026745973,1.51686319615595,"F","F>0","creeping"
"484","20","1",12,"15",50,-1.5229033111272,0.965922247335443,"F","F>0","creeping"
"485","20","1",13,"15",50,0.285557948277034,1.61128164056277,"F","F>0","creeping"
"486","20","2",1,"15",50,-1.27970746738918,1.41163005986665,"F","F>0","creeping"
"487","20","2",2,"15",51,-1.04715298352487,1.00077922521599,"F","F>0","creeping"
"488","20","2",3,"15",50,-1.4095243966876,0.905427628445379,"F","F>0","creeping"
"489","20","2",4,"15",50,0.93095387684508,1.04422705658359,"F","F>0","creeping"
"490","20","2",5,"15",50,0.668347603765399,1.42422242631773,"F","F>0","creeping"
"491","20","2",6,"15",50,-0.99370130292587,0.708299360422166,"F","F>0","creeping"
"492","20","2",7,"15",50,-1.30262122902798,0.533543465222749,"F","F>0","creeping"
"493","20","2",8,"15",50,-1.70279678114396,0.400615543398145,"F","F>0","creeping"
"494","20","2",9,"15",50,-1.4327611132102,0.249802065582718,"F","F>0","creeping"
"495","20","2",10,"15",50,-1.43102290328582,0.408984621580559,"F","F>0","creeping"
"496","20","2",11,"15",50,0.195714285957985,0.981432120754588,"F","F>0","creeping"
"497","20","2",12,"15",50,0.268343848128388,1.25466103218618,"F","F>0","creeping"
"498","20","2",13,"15",50,0.973449300711974,0.686530073007301,"F","F>0","creeping"
"499","20","2",14,"15",50,0.89102106658703,0.822172463462902,"F","F>0","creeping"
"500","20","2",15,"15",50,-0.14869991187378,1.01396354651133,"F","F>0","creeping"
"501","21","1",1,"20",50,-0.759087322664526,0.765773702571131,"F","F<0","dead"
"502","21","1",2,"20",50,-0.160932936170213,0.581188316176114,"F","F<0","dead"
"503","21","1",3,"20",50,-0.407849582551837,0.776483139386855,"F","F<0","dead"
"504","21","1",4,"20",50,-0.604280627445145,0.69758928723527,"F","F<0","dead"
"505","21","1",5,"20",50,-0.867094065540894,0.87436665113015,"F","F<0","dead"
"506","21","1",6,"20",50,-0.703415935619771,0.699255844506566,"F","F<0","dead"
"507","21","1",7,"20",50,-1.19299597037649,0.676637153011888,"F","F<0","dead"
"508","21","1",8,"20",50,-1.02055442861279,0.602082772325792,"F","F<0","dead"
"509","21","1",9,"20",50,-0.326490008862629,0.799354434932818,"F","F<0","dead"
"510","21","1",10,"20",50,-0.694566246178029,0.549900249174806,"F","F<0","dead"
"511","21","1",11,"20",50,-0.78354583919303,0.537347829795086,"F","F<0","dead"
"512","21","1",12,"20",50,-0.598120622882735,0.573844648153075,"F","F<0","dead"
"513","21","1",13,"20",50,-0.181849834771887,0.544266863331148,"F","F<0","dead"
"514","21","2",1,"20",50,-2.05538676315015,0.543850547783037,"F","F<0","dead"
"515","21","2",2,"20",50,-2.08539942686275,0.369828105698541,"F","F<0","dead"
"516","21","2",3,"20",50,-1.95881095352418,0.497621988477941,"F","F<0","dead"
"517","21","2",4,"20",50,-1.63171861479737,0.714823067601732,"F","F<0","dead"
"518","21","2",5,"20",50,-1.65688871214776,0.679988828219359,"F","F<0","dead"
"519","21","2",6,"20",50,-1.87063182535626,0.480762275714398,"F","F<0","dead"
"520","21","2",7,"20",50,-1.80201778498527,0.49265875269858,"F","F<0","dead"
"521","21","2",8,"20",50,-1.63887222031698,0.532063327794424,"F","F<0","dead"
"522","21","2",9,"20",50,-1.80923430893313,0.328913570021924,"F","F<0","dead"
"523","21","2",10,"20",50,-1.66948084322991,0.435425410256173,"F","F<0","dead"
"524","21","2",11,"20",50,-1.63775807626383,0.429692054423306,"F","F<0","dead"
"525","21","2",12,"20",50,-1.64739849018307,0.461538190713734,"F","F<0","dead"
"526","21","2",13,"20",50,-1.37642026546413,0.584043547761587,"F","F<0","dead"
"527","21","2",14,"20",50,-1.06497840170678,0.608250695996733,"F","F<0","dead"
"528","21","2",15,"20",50,-1.165360966531,0.700249467608124,"F","F<0","dead"
"529","22","1",1,"15",50,0.073767419075625,1.32146306711476,"T","F<0","success"
"530","22","1",2,"15",50,1.15857650661735,0.862275101637533,"T","F<0","success"
"531","22","1",3,"15",50,0.914313368302312,0.688689484747407,"T","F<0","success"
"532","22","1",4,"15",50,0.140442824540956,1.1025894044585,"T","F<0","success"
"533","22","1",5,"15",50,0.361382028225726,1.25516722791342,"T","F<0","success"
"534","22","1",6,"15",50,0.788459204272469,0.906672836725206,"T","F<0","success"
"535","22","1",7,"15",50,1.167514,0.379004015384469,"T","F<0","success"
"536","22","1",8,"15",50,0.914589015109779,0.77242499291635,"T","F<0","success"
"537","22","2",1,"15",50,-0.55684555725368,0.767284674501274,"T","F<0","success"
"538","22","2",2,"15",50,-1.07112117060606,0.679886688217103,"T","F<0","success"
"539","22","2",3,"15",50,-0.408770696862685,0.793177975799814,"T","F<0","success"
"540","22","2",4,"15",50,-1.72594738175782,0.659513272360446,"T","F<0","success"
"541","22","2",5,"15",50,-1.18406535178457,0.510537079088753,"T","F<0","success"
"542","22","2",6,"15",50,-0.783151170938974,0.645724818172918,"T","F<0","success"
"543","22","2",7,"15",50,-1.26478653925235,0.404533833578332,"T","F<0","success"
"544","22","2",8,"15",50,-1.1536435568626,0.60864591462078,"T","F<0","success"
"545","22","2",9,"15",50,-0.288127813945837,0.653711467361446,"T","F<0","success"
"546","22","2",10,"15",50,-0.713834393726965,0.876308518320611,"T","F<0","success"
"547","22","2",11,"15",50,0.15683712355131,0.619379917315403,"T","F<0","success"
"548","22","2",12,"15",50,0.320933744510726,0.55689281841247,"T","F<0","success"
"549","22","2",13,"15",50,0.556877035679846,0.324343478560986,"T","F<0","success"
"550","22","2",14,"15",50,-0.540669815936348,0.754125094699043,"T","F<0","success"
"551","22","2",15,"15",50,0.737755046728972,0.392657480694195,"T","F<0","success"
"552","23","1",1,"15",50,-1.93246141301235,0.867371624417356,"F","F<0","dead"
"553","23","1",2,"15",50,-0.668231271201326,0.890943523486551,"F","F<0","dead"
"554","23","1",3,"15",50,-0.62297906695422,0.517526051629728,"F","F<0","dead"
"555","23","1",4,"15",50,-0.574243802912478,0.38931042220209,"F","F<0","dead"
"556","23","1",5,"15",50,-0.767622034774512,0.370768628177602,"F","F<0","dead"
"557","23","1",6,"15",50,-0.501809809629529,0.325095200642283,"F","F<0","dead"
"558","23","1",7,"15",50,-0.615810553418478,0.368713203899005,"F","F<0","dead"
"559","23","1",8,"15",49,-1.2853196414834,0.239539154281215,"F","F<0","dead"
"560","23","1",9,"15",50,-1.13892471652506,0.299389666579945,"F","F<0","dead"
"561","23","1",10,"15",50,-1.0344833565506,0.206558618075951,"F","F<0","dead"
"562","23","1",11,"15",50,-1.17226628798909,0.226493978366344,"F","F<0","dead"
"563","23","1",12,"15",50,-1.33940044342831,0.274195965456802,"F","F<0","dead"
"564","23","1",13,"15",50,-1.41864615224269,0.284616249508626,"F","F<0","dead"
"565","23","2",1,"15",50,-1.49127266187414,0.260335417500573,"F","F<0","dead"
"566","23","2",2,"15",50,-1.41815334230659,0.297249068321678,"F","F<0","dead"
"567","23","2",3,"15",50,-1.54419228050807,0.252731973491666,"F","F<0","dead"
"568","23","2",4,"15",50,-1.39136368055996,0.196214584996091,"F","F<0","dead"
"569","23","2",5,"15",50,-1.4485715219658,0.338979261270798,"F","F<0","dead"
"570","23","2",6,"15",50,-1.54927899484564,0.271035729976367,"F","F<0","dead"
"571","23","2",7,"15",50,-1.3690655948247,0.196670739016037,"F","F<0","dead"
"572","23","2",8,"15",50,-1.33477964304539,0.153244776466214,"F","F<0","dead"
"573","23","2",9,"15",50,-1.47976829291025,0.256230610365636,"F","F<0","dead"
"574","23","2",10,"15",50,-1.53034080946741,0.384814893104042,"F","F<0","dead"
"575","23","2",11,"15",50,-0.784016224421964,0.419895430240589,"F","F<0","dead"
"576","23","2",12,"15",50,-0.765078505960716,0.276324534444833,"F","F<0","dead"
"577","23","2",13,"15",50,-0.836374016556916,0.175935010635459,"F","F<0","dead"
"578","23","2",14,"15",50,-1.01298341594005,0.264140402306049,"F","F<0","dead"
"579","23","2",15,"15",50,-1.38993882278009,0.372541941783548,"F","F<0","dead"
"580","24","1",1,"15",50,-2.2929715366519,0.673063000834935,"F","F>0","creeping"
"581","24","1",2,"15",50,-2.72666930801602,1.07522259861044,"F","F>0","creeping"
"582","24","1",3,"15",50,-1.79860196182884,0.692206616350934,"F","F>0","creeping"
"583","24","1",4,"15",50,-0.970110338072502,0.784590143758213,"F","F>0","creeping"
"584","24","1",5,"15",50,-1.52351131086494,0.337416709863044,"F","F>0","creeping"
"585","24","1",6,"15",50,-1.41402169075778,0.695391826004657,"F","F>0","creeping"
"586","24","1",7,"15",50,-0.583764743463966,0.597893199612781,"F","F>0","creeping"
"587","24","1",8,"15",50,-0.820653279237659,0.421692838815252,"F","F>0","creeping"
"588","24","1",9,"15",50,-0.678043027014018,0.629705091593439,"F","F>0","creeping"
"589","24","1",10,"15",50,-0.508551638611061,0.585604687841431,"F","F>0","creeping"
"590","24","1",11,"15",50,-0.909771553922426,0.35547473804466,"F","F>0","creeping"
"591","24","1",12,"15",50,-0.583336071287384,0.428809162651536,"F","F>0","creeping"
"592","24","1",13,"15",50,0.376453939148073,0.669897787336403,"F","F>0","creeping"
"593","24","2",1,"15",50,-0.75208513437888,0.515177632301274,"F","F>0","creeping"
"594","24","2",2,"15",50,-0.490479299147923,0.53771057791293,"F","F>0","creeping"
"595","24","2",3,"15",50,-0.898397146817121,0.909956695926228,"F","F>0","creeping"
"596","24","2",4,"15",50,-0.617954625770676,0.518416868028794,"F","F>0","creeping"
"597","24","2",5,"15",50,-0.757365596336154,0.477129882504219,"F","F>0","creeping"
"598","24","2",6,"15",50,-1.21155738120703,0.492421498476897,"F","F>0","creeping"
"599","24","2",7,"15",50,-1.02713669353151,0.405320255060509,"F","F>0","creeping"
"600","24","2",8,"15",50,-1.11314331981577,0.397509996705716,"F","F>0","creeping"
"601","24","2",9,"15",50,-1.21330960882892,0.377185464949285,"F","F>0","creeping"
"602","24","2",10,"15",50,-1.12572361201961,0.322335395981675,"F","F>0","creeping"
"603","24","2",11,"15",50,-0.419624530337355,0.429252539369472,"F","F>0","creeping"
"604","24","2",12,"15",50,-0.305717232834878,0.436412720423376,"F","F>0","creeping"
"605","24","2",13,"15",50,-0.308421312961695,0.477154730407312,"F","F>0","creeping"
"606","24","2",14,"15",50,-0.143545394971417,0.36597907518982,"F","F>0","creeping"
"607","24","2",15,"15",50,0.19093968973747,0.40634778754892,"F","F>0","creeping"
"608","25","1",1,"20",50,0.827018804343973,1.75191996954006,"T","F<0","success"
"609","25","1",2,"20",50,1.05227810290803,1.23460119401865,"T","F<0","success"
"610","25","1",3,"20",50,1.86907324736709,1.02331065619777,"T","F<0","success"
"611","25","1",4,"20",50,1.71603558613757,0.836380759333771,"T","F<0","success"
"612","25","1",5,"20",50,2.55360608038739,0.406225937847259,"T","F<0","success"
"613","25","1",6,"20",50,2.7197497386397,0.259494116128547,"T","F<0","success"
"614","25","2",1,"20",50,-1.86511650432072,0.417586758937125,"T","F<0","success"
"615","25","2",2,"20",50,-1.38290594307623,0.327531250292044,"T","F<0","success"
"616","25","2",3,"20",50,-1.27349794575486,0.333397652565445,"T","F<0","success"
"617","25","2",4,"20",50,-1.34691285478023,0.351422870185597,"T","F<0","success"
"618","25","2",5,"20",50,-1.15224600173219,0.393474990162844,"T","F<0","success"
"619","25","2",6,"20",50,-1.05931428578351,0.487282180905728,"T","F<0","success"
"620","25","2",7,"20",50,-0.845026879032245,0.665620592916814,"T","F<0","success"
"621","25","2",8,"20",50,-0.480084677945747,0.611133878517681,"T","F<0","success"
"622","25","2",9,"20",50,-0.65860963692545,0.55782353422179,"T","F<0","success"
"623","25","2",10,"20",50,-0.564405952566778,0.649156497051424,"T","F<0","success"
"624","25","2",11,"20",50,-0.615881328815566,0.659484376533193,"T","F<0","success"
"625","25","2",12,"20",50,-0.514023992561098,0.650581262197126,"T","F<0","success"
"626","25","2",13,"20",50,-0.361565100678128,0.582026084966849,"T","F<0","success"
"627","25","2",14,"20",50,-0.410782629283646,0.637577935764066,"T","F<0","success"
"628","25","2",15,"20",50,-0.386104322939825,0.697215091582878,"T","F<0","success"
"629","26","1",1,"20",50,-1.22023290044477,1.12802618517913,"T","F<0","success"
"630","26","1",2,"20",50,-0.57173581183948,0.818484567893243,"T","F<0","success"
"631","26","1",3,"20",50,1.53361040087949,0.962370431200388,"T","F<0","success"
"632","26","1",4,"20",51,-0.115369586800047,0.77721590820869,"T","F<0","success"
"633","26","1",5,"20",50,2.53850798889299,0.544723654243624,"T","F<0","success"
"634","26","1",6,"20",50,2.39147661670928,0.54444844088822,"T","F<0","success"
"635","26","1",7,"20",50,2.45912758990959,0.36486311872174,"T","F<0","success"
"636","26","2",1,"20",50,-1.81835078700782,0.488763338027737,"T","F<0","success"
"637","26","2",2,"20",50,-1.90968851201704,0.290165178511172,"T","F<0","success"
"638","26","2",3,"20",50,-2.11935446704399,0.350999627680767,"T","F<0","success"
"639","26","2",4,"20",50,-1.87952441089375,0.444149039712245,"T","F<0","success"
"640","26","2",5,"20",50,-0.998537880239882,0.591424170743046,"T","F<0","success"
"641","26","2",6,"20",50,-1.18579752950267,0.380544427118132,"T","F<0","success"
"642","26","2",7,"20",50,-1.17267979055889,0.51725259563018,"T","F<0","success"
"643","26","2",8,"20",50,-1.24978474741565,0.686931075871136,"T","F<0","success"
"644","26","2",9,"20",50,-1.42711929462877,0.615324877631639,"T","F<0","success"
"645","26","2",10,"20",50,-1.07643596281466,0.416730991805196,"T","F<0","success"
"646","26","2",11,"20",50,-0.803124350460986,0.805509714837881,"T","F<0","success"
"647","26","2",12,"20",50,-1.30118010522582,0.651037206979133,"T","F<0","success"
"648","26","2",13,"20",50,-1.28601056334747,0.460668896787214,"T","F<0","success"
"649","26","2",14,"20",50,-1.21477386874581,0.513539924106132,"T","F<0","success"
"650","26","2",15,"20",50,-1.33106141641359,0.401133670319272,"T","F<0","success"
"651","27","1",1,"20",50,0.02347,0.607549014483605,"T","F<0","success"
"652","27","1",2,"20",50,0.763764,0.238568012601721,"T","F<0","success"
"653","27","1",3,"20",50,0.376236,0.641531743455633,"T","F<0","success"
"654","27","1",4,"20",50,1.25315291466118,0.525138838678278,"T","F<0","success"
"655","27","1",5,"20",50,2.06598950256099,0.285236288281642,"T","F<0","success"
"656","27","1",6,"20",50,2.29052416216398,0.362349649319135,"T","F<0","success"
"657","27","2",1,"20",50,-1.54701975867185,0.480563068171953,"T","F<0","success"
"658","27","2",2,"20",50,-1.48505623887034,0.330923064003486,"T","F<0","success"
"659","27","2",3,"20",50,-1.14866140081958,0.743249291909493,"T","F<0","success"
"660","27","2",4,"20",50,-0.36375660719176,0.701313606130221,"T","F<0","success"
"661","27","2",5,"20",50,-0.32402527060045,0.497313378565696,"T","F<0","success"
"662","27","2",6,"20",50,0.00412408459743369,0.695985699524881,"T","F<0","success"
"663","27","2",7,"20",50,0.325183534110957,0.52788516456451,"T","F<0","success"
"664","27","2",8,"20",50,0.499873308362065,1.06278063002251,"T","F<0","success"
"665","27","2",9,"20",50,0.58640627961832,0.900819075495226,"T","F<0","success"
"666","27","2",10,"20",50,1.622718,0.432910550542983,"T","F<0","success"
"667","27","2",11,"20",50,0.979862425436607,0.869975585732209,"T","F<0","success"
"668","27","2",12,"20",50,0.335492022975721,1.36315331399573,"T","F<0","success"
"669","27","2",13,"20",50,-0.136128311006106,0.753933701095915,"T","F<0","success"
"670","27","2",14,"20",50,0.92531785216186,0.736880762172826,"T","F<0","success"
"671","27","2",15,"20",50,0.672200693041437,0.985885891085211,"T","F<0","success"
"672","28","1",1,"20",50,-0.815281051736357,0.371086937534018,"F","F<0","dead"
"673","28","1",2,"20",50,-0.740710049792531,0.33240599642457,"F","F<0","dead"
"674","28","1",3,"20",49,-0.559901994723554,0.514710986959195,"F","F<0","dead"
"675","28","1",4,"20",50,-1.36561521969767,0.393761131730619,"F","F<0","dead"
"676","28","1",5,"20",50,-1.62940640684489,0.381753986146346,"F","F<0","dead"
"677","28","1",6,"20",50,-1.68617326827404,0.195840107059901,"F","F<0","dead"
"678","28","1",7,"20",50,-1.80370907153536,0.319642232728198,"F","F<0","dead"
"679","28","1",8,"20",50,-1.94286557797934,0.229320747029499,"F","F<0","dead"
"680","28","1",9,"20",50,-1.59216398852719,0.195731156101275,"F","F<0","dead"
"681","28","1",10,"20",50,-0.980048434294672,0.362802315750528,"F","F<0","dead"
"682","28","1",11,"20",50,-1.03284885561424,0.377460899994776,"F","F<0","dead"
"683","28","1",12,"20",50,-1.08809832066366,0.250647628606498,"F","F<0","dead"
"684","28","1",13,"20",50,-0.474492,0.367990217727125,"F","F<0","dead"
"685","28","2",1,"20",50,-1.72348764930286,0.267985154004027,"F","F<0","dead"
"686","28","2",2,"20",50,-1.58055389218941,0.365018004924906,"F","F<0","dead"
"687","28","2",3,"20",50,-1.76229197198285,0.336062739361775,"F","F<0","dead"
"688","28","2",4,"20",50,-1.65696604916474,0.317807783046524,"F","F<0","dead"
"689","28","2",5,"20",50,-1.61209529390656,0.31826301522204,"F","F<0","dead"
"690","28","2",6,"20",50,-1.49304544713146,0.25475178854008,"F","F<0","dead"
"691","28","2",7,"20",50,-1.50425258391478,0.348641949149203,"F","F<0","dead"
"692","28","2",8,"20",50,-1.89559550862595,0.270876512512712,"F","F<0","dead"
"693","28","2",9,"20",50,-1.66726275689986,0.216692715034788,"F","F<0","dead"
"694","28","2",10,"20",50,-1.49569937530088,0.225492039928475,"F","F<0","dead"
"695","28","2",11,"20",50,-1.8257942689507,0.309871068605452,"F","F<0","dead"
"696","28","2",12,"20",50,-1.45381513738256,0.301079905416442,"F","F<0","dead"
"697","28","2",13,"20",50,-1.41042545022586,0.325921718464617,"F","F<0","dead"
"698","28","2",14,"20",50,-2.06719192373292,0.272043645586236,"F","F<0","dead"
"699","28","2",15,"20",50,-1.74395152671458,0.230473935931854,"F","F<0","dead"
"700","29","1",1,"20",50,-1.93965077320031,0.657470428750418,"T","F<0","success"
"701","29","1",2,"20",50,1.29480384573212,0.998711342498304,"T","F<0","success"
"702","29","1",3,"20",50,2.22313551987696,0.886860370601589,"T","F<0","success"
"703","29","1",4,"20",50,1.75094795058234,0.772734884681022,"T","F<0","success"
"704","29","1",5,"20",50,1.00380605465342,0.422023322719048,"T","F<0","success"
"705","29","2",1,"20",50,-1.18117007919769,0.956183951873728,"T","F<0","success"
"706","29","2",2,"20",50,-0.51495509639224,0.777948076728499,"T","F<0","success"
"707","29","2",3,"20",50,-0.87148717448277,0.488189016639231,"T","F<0","success"
"708","29","2",4,"20",50,-0.717998646778472,0.652682147875405,"T","F<0","success"
"709","29","2",5,"20",50,-0.364083247958245,0.77885336587481,"T","F<0","success"
"710","29","2",6,"20",50,-0.161077840119637,1.04134836322773,"T","F<0","success"
"711","29","2",7,"20",50,0.0262807934539901,0.748784884413947,"T","F<0","success"
"712","29","2",8,"20",50,-0.180007759541689,0.557951113844026,"T","F<0","success"
"713","29","2",9,"20",50,0.44475881006865,0.630600149506931,"T","F<0","success"
"714","29","2",10,"20",50,0.268845559832304,0.773271010791663,"T","F<0","success"
"715","29","2",11,"20",50,0.0361856803071291,0.813228413076364,"T","F<0","success"
"716","29","2",12,"20",50,-0.380007162927471,0.915058733672236,"T","F<0","success"
"717","29","2",13,"20",50,0.399179912802264,0.709802923963858,"T","F<0","success"
"718","29","2",14,"20",50,0.516843258465401,0.732678177868835,"T","F<0","success"
"719","29","2",15,"20",50,0.226838499579534,0.622810957592017,"T","F<0","success"
"720","30","1",1,"15",50,-1.74897155781327,0.834543516981096,"F","F>0","creeping"
"721","30","1",2,"15",50,-1.28420039085333,0.683971323184091,"F","F>0","creeping"
"722","30","1",3,"15",50,-1.4985212328157,1.24057531510842,"F","F>0","creeping"
"723","30","1",4,"15",50,-1.56507754269062,0.540648502838822,"F","F>0","creeping"
"724","30","1",5,"15",50,-1.55707003592705,0.578750921276991,"F","F>0","creeping"
"725","30","1",6,"15",50,-1.01133717227444,1.32631513726476,"F","F>0","creeping"
"726","30","1",7,"15",50,-1.81943200662165,0.475704860923248,"F","F>0","creeping"
"727","30","1",8,"15",50,-1.34721750465023,0.875137142929757,"F","F>0","creeping"
"728","30","1",9,"15",50,-1.44052394931644,0.721341510326907,"F","F>0","creeping"
"729","30","1",10,"15",50,-0.382539643910136,1.17715953480396,"F","F>0","creeping"
"730","30","1",11,"15",50,1.04693952898141,0.955992572723429,"F","F>0","creeping"
"731","30","1",12,"15",50,0.941727569005362,1.16942473409278,"F","F>0","creeping"
"732","30","1",13,"15",50,0.0332884948528656,1.45600405936844,"F","F>0","creeping"
"733","30","2",1,"15",50,-2.12667873532292,0.388237833577746,"F","F>0","creeping"
"734","30","2",2,"15",50,-1.83120571112256,0.464713798066706,"F","F>0","creeping"
"735","30","2",3,"15",50,-1.31060251976584,0.774907002044379,"F","F>0","creeping"
"736","30","2",4,"15",50,-1.30692336706916,0.953828347951637,"F","F>0","creeping"
"737","30","2",5,"15",50,-0.214284251591045,1.1608534658611,"F","F>0","creeping"
"738","30","2",6,"15",50,-0.325461249000677,1.14635414285852,"F","F>0","creeping"
"739","30","2",7,"15",50,-1.52601502594564,0.452726782351675,"F","F>0","creeping"
"740","30","2",8,"15",50,0.00232732772711375,1.22294777611996,"F","F>0","creeping"
"741","30","2",9,"15",50,-0.697812029600238,1.22988888308135,"F","F>0","creeping"
"742","30","2",10,"15",50,-1.4230691638766,0.408929235971052,"F","F>0","creeping"
"743","30","2",11,"15",50,-1.7729054598656,0.412142059827391,"F","F>0","creeping"
"744","30","2",12,"15",50,-1.7448064483374,0.429744628533564,"F","F>0","creeping"
"745","30","2",13,"15",50,-1.57845882637989,0.315933273609962,"F","F>0","creeping"
"746","30","2",14,"15",50,-1.54968619730588,0.330608290638198,"F","F>0","creeping"
"747","30","2",15,"15",50,-1.55036500190149,0.322156204185811,"F","F>0","creeping"
"748","31","1",1,"15",50,-2.6291437719431,1.23697182011559,"F","F>0","creeping"
"749","31","1",2,"15",50,-1.25720145254718,0.380902485842173,"F","F>0","creeping"
"750","31","1",3,"15",50,-1.5240754970849,0.347407445989627,"F","F>0","creeping"
"751","31","1",4,"15",50,-1.80578862031307,0.412728887805953,"F","F>0","creeping"
"752","31","1",5,"15",50,-1.5166086951709,0.426163563693366,"F","F>0","creeping"
"753","31","1",6,"15",50,-1.65417469752655,0.4271576564492,"F","F>0","creeping"
"754","31","1",7,"15",49,-1.25992380211752,0.478081346488855,"F","F>0","creeping"
"755","31","1",8,"15",50,-0.892907279965766,0.61460916404518,"F","F>0","creeping"
"756","31","1",9,"15",50,-0.86602924262474,0.56481060255625,"F","F>0","creeping"
"757","31","1",10,"15",50,-0.834247195107355,0.570547614620117,"F","F>0","creeping"
"758","31","1",11,"15",50,-0.515421603488614,0.454888011488117,"F","F>0","creeping"
"759","31","1",12,"15",50,-0.244662855822033,0.688777103277229,"F","F>0","creeping"
"760","31","1",13,"15",50,0.747145517027864,0.654697764451243,"F","F>0","creeping"
"761","31","2",1,"15",50,0.941462466130989,0.830284048889663,"F","F>0","creeping"
"762","31","2",2,"15",50,0.227713435642731,0.855168921857059,"F","F>0","creeping"
"763","31","2",3,"15",50,-0.757474332015264,0.736129129096362,"F","F>0","creeping"
"764","31","2",4,"15",50,0.145463375931435,0.973370743635957,"F","F>0","creeping"
"765","31","2",5,"15",49,0.767730612244898,0.498141834388929,"F","F>0","creeping"
"766","31","2",6,"15",50,0.615692634260262,0.849293678853763,"F","F>0","creeping"
"767","31","2",7,"15",50,0.918845832420735,1.2871436489968,"F","F>0","creeping"
"768","31","2",8,"15",50,0.578852771803059,1.1136396529262,"F","F>0","creeping"
"769","31","2",9,"15",50,1.0210034240498,1.03996653396503,"F","F>0","creeping"
"770","31","2",10,"15",50,1.73890491604463,0.895801318461054,"F","F>0","creeping"
"771","31","2",11,"15",50,0.168604763076707,0.914590098418076,"F","F>0","creeping"
"772","31","2",12,"15",50,0.171532831688887,1.14286302506441,"F","F>0","creeping"
"773","31","2",13,"15",50,0.438136825125789,1.16275159189072,"F","F>0","creeping"
"774","31","2",14,"15",50,0.233959883586602,0.857315761173578,"F","F>0","creeping"
"775","31","2",15,"15",50,0.842266351551745,0.905578852169023,"F","F>0","creeping"
"776","32","1",1,"15",50,-1.71114172594177,0.632069791155146,"T","F<0","success"
"777","32","1",2,"15",50,-1.76779937707131,0.673204996253853,"T","F<0","success"
"778","32","1",3,"15",50,-0.849250096628066,1.1466398583892,"T","F<0","success"
"779","32","1",4,"15",50,3.20119651031119,0.879236525109613,"T","F<0","success"
"780","32","1",5,"15",50,2.7045676866114,1.12651235606576,"T","F<0","success"
"781","32","1",6,"15",50,2.92452386705019,0.571746707527155,"T","F<0","success"
"782","32","2",1,"15",50,-0.274205173119271,1.38728008358904,"T","F<0","success"
"783","32","2",2,"15",50,0.531121783044887,1.18554651423832,"T","F<0","success"
"784","32","2",3,"15",50,-1.09854280692481,0.740873755600864,"T","F<0","success"
"785","32","2",4,"15",50,0.84640388971527,0.792900134740759,"T","F<0","success"
"786","32","2",5,"15",50,0.854341932694867,0.741823013580761,"T","F<0","success"
"787","32","2",6,"15",50,0.806443139325112,0.736038287824984,"T","F<0","success"
"788","32","2",7,"15",50,1.09426267265931,0.542257877742236,"T","F<0","success"
"789","32","2",8,"15",50,0.587838826093702,0.995970717190989,"T","F<0","success"
"790","32","2",9,"15",50,0.755438645332057,0.777541879204201,"T","F<0","success"
"791","32","2",10,"15",50,1.073454,0.410029701368183,"T","F<0","success"
"792","32","2",11,"15",50,0.814596815255077,0.567296798994072,"T","F<0","success"
"793","32","2",12,"15",50,-0.110835067786529,1.05846645072194,"T","F<0","success"
"794","32","2",13,"15",50,-0.0621337146622893,1.13222890247018,"T","F<0","success"
"795","32","2",14,"15",50,0.735636097826043,0.856558821103144,"T","F<0","success"
"796","32","2",15,"15",50,0.569787778614621,0.938511718673472,"T","F<0","success"
"797","34","1",1,"20",50,-0.213288061663784,1.23609248568688,"T","F<0","success"
"798","34","1",2,"20",50,1.94012666797114,0.358392377645138,"T","F<0","success"
"799","34","1",3,"20",50,0.90790952472832,0.382643088377675,"T","F<0","success"
"800","34","1",4,"20",50,0.610790683120306,0.862779278940783,"T","F<0","success"
"801","34","1",5,"20",50,0.635950548518303,0.784679286429253,"T","F<0","success"
"802","34","1",6,"20",50,0.573302,0.641194955385837,"T","F<0","success"
"803","34","1",7,"20",50,1.22493,0.162984983970917,"T","F<0","success"
"804","34","1",8,"20",50,0.94197,0.198978237195807,"T","F<0","success"
"805","34","2",1,"20",50,-1.56285330869333,0.468115092017759,"T","F<0","success"
"806","34","2",2,"20",50,-0.64648401458637,0.919060586220194,"T","F<0","success"
"807","34","2",3,"20",50,-1.80822551717022,0.600685772146281,"T","F<0","success"
"808","34","2",4,"20",50,-1.87086302726289,0.458652522499624,"T","F<0","success"
"809","34","2",5,"20",50,-1.82848926088878,0.739354020547808,"T","F<0","success"
"810","34","2",6,"20",50,-1.76163970243148,0.369948737505139,"T","F<0","success"
"811","34","2",7,"20",50,-1.57964012736843,0.295109288624658,"T","F<0","success"
"812","34","2",8,"20",50,-1.50205217017678,0.432608383814735,"T","F<0","success"
"813","34","2",9,"20",50,-1.00167660546286,0.490556304745252,"T","F<0","success"
"814","34","2",10,"20",50,-1.18795196856531,0.44088011162999,"T","F<0","success"
"815","34","2",11,"20",50,-1.39376223571497,0.275127851330712,"T","F<0","success"
"816","34","2",12,"20",50,-1.41644596932848,0.449196019135936,"T","F<0","success"
"817","34","2",13,"20",50,-0.670663726427925,0.818252163372963,"T","F<0","success"
"818","34","2",14,"20",50,-0.774559966469142,0.789955176443564,"T","F<0","success"
"819","34","2",15,"20",50,-0.356588807729668,1.00569066549803,"T","F<0","success"
"820","35","1",1,"20",50,-0.941181516141329,0.599827286901373,"F","F>0","creeping"
"821","35","1",2,"20",50,-0.713711044648823,0.624715896947928,"F","F>0","creeping"
"822","35","1",3,"20",50,0.18104046866485,0.53197757809844,"F","F>0","creeping"
"823","35","1",4,"20",50,-0.329597275420176,0.566732963084479,"F","F>0","creeping"
"824","35","1",5,"20",50,-0.708356174378235,0.472329809703844,"F","F>0","creeping"
"825","35","1",6,"20",50,-0.437136,0.444156174849729,"F","F>0","creeping"
"826","35","1",7,"20",50,0.026302,0.413278892586039,"F","F>0","creeping"
"827","35","1",8,"20",50,0.028992,0.446815167392788,"F","F>0","creeping"
"828","35","1",9,"20",50,-0.09713,0.39946592521536,"F","F>0","creeping"
"829","35","1",10,"20",50,-0.026538,0.47932222466431,"F","F>0","creeping"
"830","35","1",11,"20",50,-0.108608,0.574429544831662,"F","F>0","creeping"
"831","35","1",12,"20",50,0.58741,0.640567775015068,"F","F>0","creeping"
"832","35","1",13,"20",50,0.027688,0.54260990220923,"F","F>0","creeping"
"833","35","2",1,"20",50,-1.18962679778544,0.385534823576989,"F","F>0","creeping"
"834","35","2",2,"20",50,-1.32311031547699,0.321953879804014,"F","F>0","creeping"
"835","35","2",3,"20",49,-1.27315748169182,0.266310886115798,"F","F>0","creeping"
"836","35","2",4,"20",50,-1.18084666511252,0.232650147857344,"F","F>0","creeping"
"837","35","2",5,"20",50,-1.32117560905358,0.264950024971006,"F","F>0","creeping"
"838","35","2",6,"20",50,-1.3877167559158,0.187539199292835,"F","F>0","creeping"
"839","35","2",7,"20",50,-0.94327978524175,0.318723176279212,"F","F>0","creeping"
"840","35","2",8,"20",50,-0.74332403232427,0.311293755284365,"F","F>0","creeping"
"841","35","2",9,"20",50,-0.819656561787608,0.295527274349504,"F","F>0","creeping"
"842","35","2",10,"20",50,-0.715931276595904,0.316508517231784,"F","F>0","creeping"
"843","35","2",11,"20",50,-0.694380681720791,0.373247195377981,"F","F>0","creeping"
"844","35","2",12,"20",50,-0.796544931005817,0.345961614392663,"F","F>0","creeping"
"845","35","2",13,"20",50,-0.637290599042249,0.374774879505313,"F","F>0","creeping"
"846","35","2",14,"20",50,-0.465496883985399,0.406943674392946,"F","F>0","creeping"
"847","35","2",15,"20",50,-0.486762499766212,0.389093101786372,"F","F>0","creeping"
"848","36","1",1,"20",50,-2.2042507728589,0.940250204195378,"T","F<0","success"
"849","36","1",2,"20",50,1.30834242623422,1.18633857963707,"T","F<0","success"
"850","36","1",3,"20",50,1.61197748736932,0.942320473526309,"T","F<0","success"
"851","36","1",4,"20",50,2.01465650692081,1.04854833507259,"T","F<0","success"
"852","36","1",5,"20",50,2.29502308070268,0.663084691216689,"T","F<0","success"
"853","36","1",6,"20",50,2.06422552558809,0.556374341020249,"T","F<0","success"
"854","36","2",1,"20",50,-1.4633791829873,1.03808223513485,"T","F<0","success"
"855","36","2",2,"20",50,-0.285476997433465,0.843112046247137,"T","F<0","success"
"856","36","2",3,"20",50,-0.260794233236075,0.812420849095888,"T","F<0","success"
"857","36","2",4,"20",50,-1.07593630138031,1.00576108148713,"T","F<0","success"
"858","36","2",5,"20",50,-0.813119390043836,0.902028908397218,"T","F<0","success"
"859","36","2",6,"20",50,-0.728074000256219,0.937679929342833,"T","F<0","success"
"860","36","2",7,"20",50,-0.869799349823768,0.815938237115109,"T","F<0","success"
"861","36","2",8,"20",50,-0.278627473346935,0.920887463759529,"T","F<0","success"
"862","36","2",9,"20",50,-0.303135595114488,1.01869559397324,"T","F<0","success"
"863","36","2",10,"20",50,-0.989431077257347,0.954952451804581,"T","F<0","success"
"864","36","2",11,"20",50,-0.802541862966938,0.771761599057351,"T","F<0","success"
"865","36","2",12,"20",50,-0.237696752668384,1.00552559059275,"T","F<0","success"
"866","36","2",13,"20",49,0.0422004474983345,0.798643674941168,"T","F<0","success"
"867","36","2",14,"20",50,-0.428743401199008,0.719949045840936,"T","F<0","success"
"868","36","2",15,"20",50,0.648486297805172,1.0570989679687,"T","F<0","success"
"869","37","1",1,"15",50,-1.96473232083823,1.07997978840816,"F","F>0","creeping"
"870","37","1",2,"15",50,-1.0038579125319,0.426037367386067,"F","F>0","creeping"
"871","37","1",3,"15",50,-1.15362162123284,0.390760809471647,"F","F>0","creeping"
"872","37","1",4,"15",50,-0.300019965412951,0.83153727829727,"F","F>0","creeping"
"873","37","1",5,"15",50,0.250289366754617,0.569708629261945,"F","F>0","creeping"
"874","37","1",6,"15",50,0.710137606714553,1.25002845131487,"F","F>0","creeping"
"875","37","1",7,"15",50,1.168328,0.707677167559979,"F","F>0","creeping"
"876","37","1",8,"15",50,1.30282288927741,0.909176280194317,"F","F>0","creeping"
"877","37","1",9,"15",50,0.190359237762446,0.932080262866574,"F","F>0","creeping"
"878","37","1",10,"15",50,0.476417444816054,0.805806638891323,"F","F>0","creeping"
"879","37","1",11,"15",50,1.07017920366891,0.82808900047675,"F","F>0","creeping"
"880","37","1",12,"15",50,0.859730683195133,0.886529657449798,"F","F>0","creeping"
"881","37","1",13,"15",50,0.667498341354227,1.34996822370112,"F","F>0","creeping"
"882","37","2",1,"15",50,1.22622959988915,1.44018592253556,"F","F>0","creeping"
"883","37","2",2,"15",50,1.32842357192063,1.13731971271124,"F","F>0","creeping"
"884","37","2",3,"15",50,0.954680327906438,1.28396311235844,"F","F>0","creeping"
"885","37","2",4,"15",50,0.26316177434819,0.794370597837093,"F","F>0","creeping"
"886","37","2",5,"15",50,0.52720998291231,0.932639883144562,"F","F>0","creeping"
"887","37","2",6,"15",50,0.287808139276076,0.737150279152651,"F","F>0","creeping"
"888","37","2",7,"15",50,0.993465226419874,0.939656850949849,"F","F>0","creeping"
"889","37","2",8,"15",50,0.502184547311816,1.03779974136001,"F","F>0","creeping"
"890","37","2",9,"15",50,1.72894570279695,1.04145419821877,"F","F>0","creeping"
"891","37","2",10,"15",50,0.931615396333282,1.15551515114256,"F","F>0","creeping"
"892","37","2",11,"15",50,1.69674100049127,1.00384786210664,"F","F>0","creeping"
"893","37","2",12,"15",50,1.13613910208413,1.43806077716926,"F","F>0","creeping"
"894","37","2",13,"15",50,0.734132574520378,1.32149647399617,"F","F>0","creeping"
"895","37","2",14,"15",50,0.704093084667811,1.55523475160295,"F","F>0","creeping"
"896","37","2",15,"15",50,0.575697421256428,1.58191117592287,"F","F>0","creeping"
"897","38","1",1,"20",50,-3.45444723225861,0.511475998063314,"F","F>0","creeping"
"898","38","1",2,"20",50,-3.80745330531645,0.701483948834346,"F","F>0","creeping"
"899","38","1",3,"20",50,-2.3858367679969,1.34587379753107,"F","F>0","creeping"
"900","38","1",4,"20",50,-0.582513306027808,1.06764392162218,"F","F>0","creeping"
"901","38","1",5,"20",50,-1.12013093962084,0.701133371904353,"F","F>0","creeping"
"902","38","1",6,"20",50,-0.863854074181359,0.588372762544596,"F","F>0","creeping"
"903","38","1",7,"20",50,2.3372655991548,0.648482595237166,"F","F>0","creeping"
"904","38","1",8,"20",50,-0.125244535272381,1.25534840479655,"F","F>0","creeping"
"905","38","1",9,"20",50,1.56873214304721,0.922385588459995,"F","F>0","creeping"
"906","38","1",10,"20",50,1.78910746592136,0.673873799608313,"F","F>0","creeping"
"907","38","1",11,"20",50,1.96293380383502,1.56357363711393,"F","F>0","creeping"
"908","38","1",12,"20",50,1.82564076247215,1.14292923449936,"F","F>0","creeping"
"909","38","1",13,"20",50,2.06659525064548,1.45608465236759,"F","F>0","creeping"
"910","38","2",1,"20",50,-2.79228711376549,0.324654385798542,"F","F>0","creeping"
"911","38","2",2,"20",50,-1.64087636856721,0.61888026004036,"F","F>0","creeping"
"912","38","2",3,"20",50,-1.65221325461498,0.372276139634772,"F","F>0","creeping"
"913","38","2",4,"20",50,-1.4779929994695,0.345529087249402,"F","F>0","creeping"
"914","38","2",5,"20",50,-1.65186990542993,0.319037325495864,"F","F>0","creeping"
"915","38","2",6,"20",50,-1.92824314063459,0.304297591393145,"F","F>0","creeping"
"916","38","2",7,"20",50,-1.9106803975522,0.239475235255046,"F","F>0","creeping"
"917","38","2",8,"20",50,-2.26271172333863,0.335361122965553,"F","F>0","creeping"
"918","38","2",9,"20",50,-1.9589704949468,0.257987246577919,"F","F>0","creeping"
"919","38","2",10,"20",50,-1.43277186452008,0.258808702784744,"F","F>0","creeping"
"920","38","2",11,"20",50,-2.18794613730671,0.213087306140795,"F","F>0","creeping"
"921","38","2",12,"20",50,-2.12628203578633,0.229509097543659,"F","F>0","creeping"
"922","38","2",13,"20",50,-2.14594830562939,0.187425695703532,"F","F>0","creeping"
"923","38","2",14,"20",50,-1.93318077040239,0.177111150131515,"F","F>0","creeping"
"924","38","2",15,"20",50,-2.01080833117235,0.292376540308053,"F","F>0","creeping"
"925","39","1",1,"15",50,-2.07914751251328,0.388587203322238,"F","F<0","dead"
"926","39","1",2,"15",50,-2.72193510289963,0.818420045813013,"F","F<0","dead"
"927","39","1",3,"15",50,-3.65763268939946,0.636168664271031,"F","F<0","dead"
"928","39","1",4,"15",50,-1.66928293372665,0.536398431725811,"F","F<0","dead"
"929","39","1",5,"15",50,-1.21450789472427,0.410721703581773,"F","F<0","dead"
"930","39","1",6,"15",50,-1.07392241832454,0.237678180457016,"F","F<0","dead"
"931","39","1",7,"15",50,-1.49431091352555,0.237965575872333,"F","F<0","dead"
"932","39","1",8,"15",50,-0.922350704700247,0.313615379681858,"F","F<0","dead"
"933","39","1",9,"15",50,-0.739073221628516,0.296858900642102,"F","F<0","dead"
"934","39","1",10,"15",50,-0.694832512917492,0.336146989766794,"F","F<0","dead"
"935","39","1",11,"15",50,-0.726982790374068,0.404803213132921,"F","F<0","dead"
"936","39","1",12,"15",50,-1.18910213953508,1.11877354121429,"F","F<0","dead"
"937","39","1",13,"15",50,-0.615025020733817,1.20151109460016,"F","F<0","dead"
"938","39","2",1,"15",50,-0.775609015210844,0.827260453219457,"F","F<0","dead"
"939","39","2",2,"15",50,-0.470751516925148,1.07602278436007,"F","F<0","dead"
"940","39","2",3,"15",50,0.213126641018649,0.825285199173481,"F","F<0","dead"
"941","39","2",4,"15",50,-0.895897090642727,0.663947271329177,"F","F<0","dead"
"942","39","2",5,"15",50,-0.107783271931035,0.787961611473461,"F","F<0","dead"
"943","39","2",6,"15",50,-0.265730540325641,0.805443064010886,"F","F<0","dead"
"944","39","2",7,"15",50,0.262780434908685,0.609744861189596,"F","F<0","dead"
"945","39","2",8,"15",50,0.535639165823931,0.726946275659642,"F","F<0","dead"
"946","39","2",9,"15",50,0.255830601792047,0.674435657174886,"F","F<0","dead"
"947","39","2",10,"15",50,-0.483368197978672,0.57963767450458,"F","F<0","dead"
"948","39","2",11,"15",50,-0.282225394712772,0.866176161364755,"F","F<0","dead"
"949","39","2",12,"15",50,0.0403653165400569,1.06108863817298,"F","F<0","dead"
"950","39","2",13,"15",50,-0.634858871019803,0.94282403761193,"F","F<0","dead"
"951","39","2",14,"15",50,0.227163372913122,0.984997096797882,"F","F<0","dead"
"952","39","2",15,"15",50,0.516132960630263,0.863627750064444,"F","F<0","dead"
"953","40","1",1,"20",50,0.842470541938464,1.30309484153407,"T","F<0","success"
"954","40","1",2,"20",50,0.985031253456221,0.395624667547558,"T","F<0","success"
"955","40","1",3,"20",49,0.979920408163265,0.456101773172936,"T","F<0","success"
"956","40","1",4,"20",50,1.37515040799083,0.394017759277271,"T","F<0","success"
"957","40","2",1,"20",50,-1.89023134629659,0.422006373871943,"T","F<0","success"
"958","40","2",2,"20",50,-0.731750216128023,0.829879657937871,"T","F<0","success"
"959","40","2",3,"20",50,-1.40225817773563,0.369970728020041,"T","F<0","success"
"960","40","2",4,"20",50,-1.33858332113666,0.539876043368235,"T","F<0","success"
"961","40","2",5,"20",50,-1.10048084293173,0.458192802708502,"T","F<0","success"
"962","40","2",6,"20",50,-1.86010865850281,0.374583064377931,"T","F<0","success"
"963","40","2",7,"20",50,-1.12760527015678,0.722305067049322,"T","F<0","success"
"964","40","2",8,"20",50,-1.1461190091605,0.532595681730863,"T","F<0","success"
"965","40","2",9,"20",50,-1.42367996991135,0.719086992144289,"T","F<0","success"
"966","40","2",10,"20",50,-1.41271213106821,0.690294590420381,"T","F<0","success"
"967","40","2",11,"20",50,-1.63803295614215,0.537475883000557,"T","F<0","success"
"968","40","2",12,"20",50,-1.49870011808903,0.741844200371581,"T","F<0","success"
"969","40","2",13,"20",50,-1.51917512557289,0.678316756238204,"T","F<0","success"
"970","40","2",14,"20",50,-0.939864727888205,0.362321397785564,"T","F<0","success"
"971","40","2",15,"20",50,-1.08873672912973,0.624306533338363,"T","F<0","success"
